{
  "0": {
    "precision": 0.9949874686716792,
    "recall": 0.9974874371859297,
    "f1-score": 0.9962358845671268,
    "support": 796.0
  },
  "1": {
    "precision": 0.998093422306959,
    "recall": 0.9961941008563273,
    "f1-score": 0.9971428571428571,
    "support": 1051.0
  },
  "accuracy": 0.9967514889009204,
  "macro avg": {
    "precision": 0.9965404454893191,
    "recall": 0.9968407690211285,
    "f1-score": 0.996689370854992,
    "support": 1847.0
  },
  "weighted avg": {
    "precision": 0.9967548521425394,
    "recall": 0.9967514889009204,
    "f1-score": 0.9967519799526668,
    "support": 1847.0
  },
  "roc_auc": 0.999892421192547
}