{
  "accuracy": 0.9907958852192745,
  "precision": 0.9961051606621227,
  "recall": 0.9874517374517374,
  "f1": 0.9917595734367426,
  "roc_auc": 0.9992549357530862
}