{
  "accuracy": 0.8461538461538461,
  "precision": 0.9411764705882353,
  "recall": 0.8421052631578947,
  "f1": 0.8888888888888888,
  "roc_auc": 0.924812030075188
}