{
  "accuracy": 0.985200845665962,
  "precision": 0.9839034205231388,
  "recall": 0.9878787878787879,
  "f1": 0.9858870967741935,
  "roc_auc": 0.9990503706689959
}