{
  "accuracy": 0.9889717807330523,
  "precision": 0.9925028835063437,
  "recall": 0.9879448909299655,
  "f1": 0.9902186421173763,
  "roc_auc": 0.9994858781295723
}