{
  "accuracy": 0.9972527472527473,
  "precision": 0.9952830188679245,
  "recall": 1.0,
  "f1": 0.9976359338061466,
  "roc_auc": 0.9998451197224546
}