{
  "accuracy": 0.8529411764705882,
  "precision": 0.975,
  "recall": 0.8125,
  "f1": 0.8863636363636364,
  "roc_auc": 0.9729166666666667
}