{
  "accuracy": 0.9891037864342141,
  "precision": 0.9970326409495549,
  "recall": 0.9834146341463414,
  "f1": 0.9901768172888016,
  "roc_auc": 0.9988925836204692
}